"https://inboundvietnam.com/files/files/Tour-noi-dia/ho-chi-minh/walking-street-food-tour-6-scaled.jpeg","Street food by Motorbike Tour","08/10/2024 (and 85 )","Ho Chi Minh City"
"https://inboundvietnam.com/files/files/Tour-noi-dia/ho-chi-minh/Saigon-Cyclo-Half-Day-Tour.jpg","Cyclo Tour with tour guide - 3 hours","08/10/2024 (and 85 )","Ho Chi Minh City"
"https://inboundvietnam.com/files/files/Tour-noi-dia/ho-chi-minh/fe.jpg","Saigon Nightlife - Beer - Live Music - Seafood","08/10/2024 (and 85 )","Ho Chi Minh City"
"https://inboundvietnam.com/files/files/Tour-noi-dia/ho-chi-minh/14.jpg","Combo City Highlight and Unseen By Motorbike","08/10/2024 (and 85 )","Ho Chi Minh City"
"https://inboundvietnam.com/files/files/Tour-noi-dia/Moc-chau/Doi-che-moc-chau13.jpg","Moc Chau - Bach Long Glass Bridge - Ta Xua","08/10/2024 (and 85 )","Hanoi City"
"https://inboundvietnam.com/files/files/Tour-noi-dia/Moc-chau/doi-che-dia-diem-du-lich-o-moc-chau.jpg","Discover Moc Chau - Bach Long Glass Bridge","08/10/2024 (and 85 )","Hanoi City"
"https://inboundvietnam.com/files/files/Tour-noi-dia/Thanh-hoa/tour-du-lich-mai-chau-2-ngay-1-dem.jpg","Amazing Mai Chau - Puluong","08/10/2024 (and 85 )","Hanoi City"
"https://inboundvietnam.com/files/files/Diem-vui-choi/Hoa-binh/Mai-Hich-village.jpg","Amazing Mai Chau","08/10/2024 (and 85 )","Hanoi City"
"https://inboundvietnam.com/files/files/Diem-vui-choi/Luang-Prabang/luang-prabang.jpg","Half-day Glimpse Elephant Mahout Experience","08/10/2024 (and 85 )","Luang Prabang"
"https://inboundvietnam.com/files/files/Diem-vui-choi/Phu-Yen/hon-chua.jpg","Experience the majestic Quy Nhon island","08/10/2024 (and 85 )","Quy Nhon city"
